[{"ID":"HT-1000","Name":"Notebook Basic 4711","Category":"Notebooks","Price":956,"Currency":"USD","ProductImage":"/webapp/localService/assets/HT-1000.jpg","StockLevel":"In Stock","StockLevelCC":"Positive","PriceRange":"500-1000","___FK_cee7efac3d453952182d28e5_00023":"100000000"},{"ID":"HT-1030","Name":"Ergo Screen E-I","Category":"Flat Screen Monitors","Price":230,"Currency":"USD","ProductImage":"/webapp/localService/assets/HT-1030.jpg","StockLevel":"In Stock","StockLevelCC":"Positive","PriceRange":"100-500","___FK_cee7efac3d453952182d28e5_00023":"100000011"},{"ID":"HT-1041","Name":"Laser Basic","Category":"Laser Printers","Price":490,"Currency":"USD","ProductImage":"/webapp/localService/assets/HT-1041.jpg","StockLevel":"Less Than 10 Left","StockLevelCC":"Critical","PriceRange":"100-500","___FK_cee7efac3d453952182d28e5_00023":"100000018"},{"ID":"HT-1050","Name":"Ultra Jet Super Color","Category":"Ink Jet Printers","Price":139,"Currency":"USD","ProductImage":"/webapp/localService/assets/HT-1050.jpg","StockLevel":"In Stock","StockLevelCC":"Positive","PriceRange":"100-500","___FK_cee7efac3d453952182d28e5_00023":"100000020"},{"ID":"HT-1100","Name":"Smart Office","Category":"Software","Price":89.9,"Currency":"USD","ProductImage":"/webapp/localService/assets/HT-1100.jpg","StockLevel":"Out of Stock","StockLevelCC":"Negative","PriceRange":"0-100","___FK_cee7efac3d453952182d28e5_00023":"100000002"},{"ID":"HT-9991","Name":"Smartphone Leather Case","Category":"Accessories","Price":25,"Currency":"USD","ProductImage":"/webapp/localService/assets/HT-9991.jpg","StockLevel":"Less Than 10 Left","StockLevelCC":"Critical","PriceRange":"0-100","___FK_cee7efac3d453952182d28e5_00023":"100000024"},{"ID":"HT-9999","Name":"Maxi Tablet","Category":"Tablets","Price":749,"Currency":"USD","ProductImage":"/webapp/localService/assets/HT-9999.jpg","StockLevel":"In Stock","StockLevelCC":"Positive","PriceRange":"500-1000","___FK_cee7efac3d453952182d28e5_00023":"100000016"},{"ID":"HT-9992","Name":"Smartphone Alpha","Category":"Smartphones","Price":599,"Currency":"USD","ProductImage":"/webapp/localService/assets/HT-9992.jpg","StockLevel":"Low","StockLevelCC":"Critical","PriceRange":"500-1000","___FK_cee7efac3d453952182d28e5_00023":"100000023"},{"ID":"HT-1502","Name":"Server Power Pro","Category":"Servers","Price":25000,"Currency":"USD","ProductImage":"/webapp/localService/assets/HT-1502.jpg","StockLevel":"In Stock","StockLevelCC":"Positive","PriceRange":"Over 1000","___FK_cee7efac3d453952182d28e5_00023":"100000025"}]