[{"ID":"100000000","Name":"SAP","email":"do.not.reply@sap.com","Phone":"0622734567","URI":"http://www.sap.com"},{"ID":"100000011","Name":"Alpine Systems","email":"joseph_gschwandtner@alp-systems.at","Phone":"6623612804","URI":"http://www.alp-systems.at"},{"ID":"100000018","Name":"Compostela","email":"miguel.luengo@compostela.ar","Phone":"4440238917","URI":"http://www.compostela.ar"},{"ID":"100000020","Name":"Russian Electronic Trading Company","email":"igor.tarassow@retc.ru","Phone":"4050378468","URI":"http://www.retc.ru"},{"ID":"100000002","Name":"DelBont Industries","email":"maria.brown@delbont.com","Phone":"3023352668","URI":"http://www.delbont.com"},{"ID":"100000024","Name":"JaTeCo","email":"yoshiko.kakuji@jateco.jp","Phone":"3206580974","URI":"http://www.jateco.jp"},{"ID":"100000016","Name":"Mexican Oil Trading Company","email":"jorgemontalban@motc.mx","Phone":"6879342945","URI":"http://www.motc.mx"},{"ID":"100000023","Name":"Getränkegroßhandel Janssen","email":"sven.j@getraenke-janssen.de","Phone":"3629731486","URI":"http://www.getraenke-janssen.de"},{"ID":"100000025","Name":"Tessile Casa Di Roma","email":"alessio.galasso@tcdr.it","Phone":"4580963184","URI":"http://www.tcdr.it"}]